{"80": {"silicon": {"volume": [32.00291371780001, 33.60305940369002, 35.20320508958001, 36.803350775470015, 38.403496461359985, 40.00364214725001, 41.603787833140025, 43.20393351903, 44.804079204920015, 46.404224890809985, 48.004370576700026], "energy": [-98.43855195934512, -98.98379297590577, -99.38877510537108, -99.68303712878313, -99.88960526601952, -100.02569010799607, -100.10567576143102, -100.1406733934386, -100.14069192920984, -100.11485158931258, -100.071767642203]}, "germanium": {"volume": [36.110745561600005, 37.91628283968001, 39.721820117760004, 41.52735739583999, 43.332894673920016, 45.138431952000005, 46.943969230080015, 48.749506508159996, 50.555043786240006, 52.360581064319994, 54.16611834240002], "energy": [-90.93917963790162, -91.4000242509099, -91.73354465441345, -91.969922230509, -92.13066255509823, -92.23227741613904, -92.2869838259677, -92.304415427296, -92.2927582405491, -92.25833118962295, -92.20718532651802]}, "diamond": {"volume": [9.0769370526, 9.530783905230003, 9.98463075786, 10.438477610490008, 10.892324463120003, 11.34617131575, 11.800018168379998, 12.253865021009998, 12.707711873640001, 13.161558726269993, 13.615405578900004], "energy": [-115.31643079234176, -115.69515009287217, -115.94992155190212, -116.10362016963532, -116.17449902297123, -116.17730328277632, -116.123919120004, -116.02410217968496, -115.88594126770427, -115.71603329825061, -115.51989201674147]}, "zinc_oxide": {"volume": [39.7749706751954, 41.76371920895515, 43.752467742714934, 45.74121627647471, 47.72996481023445, 49.718713343994246, 51.70746187775398, 53.69621041151377, 55.68495894527356, 57.67370747903329, 59.66245601279311], "energy": [-294.05567613909574, -294.65294700756476, -295.13385771404546, -295.5202076523393, -295.8289136203486, -296.0731776276448, -296.26382020125135, -296.40925009456225, -296.51643537645907, -296.5912928311616, -296.6382732407801]}, "mos2": {"volume": [104.92085027265799, 110.1668927862909, 115.41293529992387, 120.65897781355675, 125.90502032718962, 131.1510628408226, 136.39710535445542, 141.64314786808836, 146.8891903817213, 152.13523289535397, 157.38127540898714], "energy": [-519.4343229709184, -520.4341418763386, -521.1128253190556, -521.5476728478967, -521.7952267535388, -521.897090687904, -521.8847828390851, -521.782078595621, -521.6094364670953, -521.3790828298272, -521.1043645504637]}, "ws2": {"volume": [100.17575427081093, 105.1845419843515, 110.19332969789211, 115.20211741143264, 120.21090512497315, 125.21969283851377, 130.22848055205424, 135.23726826559485, 140.24605597913543, 145.25484369267576, 150.26363140621658], "energy": [-531.2695605318645, -532.4774089875077, -533.2487799926035, -533.6922627619316, -533.8899824468164, -533.8988401942217, -533.7634812149361, -533.5170783679976, -533.1833780654716, -532.7840824028793, -532.332644508807]}, "bn_hex": {"volume": [33.70607434177445, 35.39137805886318, 37.0766817759519, 38.761985493040626, 40.44728921012932, 42.13259292721806, 43.81789664430678, 45.5032003613955, 47.188504078484236, 48.87380779557293, 50.559111512661694], "energy": [-252.74090087141354, -253.5022008856595, -254.04544033409718, -254.41234287084495, -254.63768972426496, -254.74753799037384, -254.76239966005792, -254.6991003658241, -254.5711830730913, -254.390040346399, -254.16493053875675]}, "bn_cubic": {"volume": [9.534859103064543, 10.011602058217772, 10.488345013370996, 10.965087968524225, 11.441830923677443, 11.918573878830678, 12.395316833983909, 12.87205978913713, 13.34880274429036, 13.825545699443584, 14.302288654596817], "energy": [-127.25266801186302, -127.56804838440475, -127.78243201400883, -127.9150222616357, -127.9811004427269, -127.99276851832848, -127.95983180976033, -127.89031787731663, -127.79071555636838, -127.66630336762661, -127.52158519565377]}, "mgo": {"volume": [15.423502605938763, 16.194677736235697, 16.965852866532636, 17.73702799682957, 18.508203127126503, 19.279378257423442, 20.050553387720377, 20.821728518017316, 21.59290364831426, 22.36407877861119, 23.135253908908137], "energy": [-147.40961465875483, -147.69580983659293, -147.91572189799882, -148.08329618813917, -148.20891265620375, -148.30085332145921, -148.36532338886727, -148.4074145578984, -148.43126752074838, -148.43985295507747, -148.43599815670018]}, "copper": {"volume": [9.497516755789496, 9.972392593578972, 10.447268431368444, 10.922144269157922, 11.397020106947393, 11.871895944736869, 12.346771782526346, 12.821647620315822, 13.2965234581053, 13.771399295894765, 14.246275133684247], "energy": [-119.61084278174532, -119.99996635151744, -120.3103528765772, -120.5600554904205, -120.762459919191, -120.92733491297788, -121.0621735633978, -121.17283999679307, -121.2637559259215, -121.33827098200948, -121.39924426895816]}, "nacl": {"volume": [36.87691031391052, 38.72075582960608, 40.56460134530161, 42.408446860997124, 44.252292376692644, 46.09613789238815, 47.93998340808369, 49.78382892377924, 51.62767443947473, 53.47151995517027, 55.3153654708658], "energy": [-127.70994379704838, -127.69688423378113, -127.67314019931979, -127.64171907469473, -127.60421917075881, -127.56200450293885, -127.51605314568009, -127.46751273371783, -127.4167662708651, -127.36449976362428, -127.31097424167336]}, "zro2": {"volume": [27.31763391126136, 28.68351560682442, 30.049397302387508, 31.415278997950555, 32.78116069351363, 34.1470423890767, 35.512924084639764, 36.878805780202846, 38.244687475765886, 39.61056917132897, 40.97645086689203], "energy": [-294.9665982115676, -295.36904798824725, -295.6685130484996, -295.8880762037576, -296.0441220824297, -296.14923055021586, -296.2127491217196, -296.2424895319418, -296.2438159928835, -296.2209787036522, -296.1782039774618]}, "pbs": {"volume": [43.26978195680428, 45.433271054644464, 47.59676015248466, 49.76024925032486, 51.92373834816508, 54.0872274460053, 56.25071654384553, 58.41420564168571, 60.57769473952594, 62.74118383736611, 64.90467293520638], "energy": [-148.03891869530872, -148.1102017787956, -148.09983037770675, -148.02395193090862, -147.89739817878754, -147.73113037959214, -147.53601858982506, -147.32508535391136, -147.1122163048731, -146.87465546686664, -146.6280578880878]}, "tio2_rutile": {"volume": [50.79163906206722, 53.33122101517056, 55.870802968273935, 58.410384921377286, 60.94996687448062, 63.489548827584024, 66.02913078068734, 68.56871273379073, 71.10829468689404, 73.64787663999742, 76.18745859310079], "energy": [-585.9321178250436, -586.3140248756545, -586.5332562758111, -586.6242987615628, -586.6136089064298, -586.5215633179404, -586.3644603557668, -586.1547686834957, -585.9030078322054, -585.6175687208034, -585.305002807414]}, "tio2_ana": {"volume": [68.65346310329363, 72.0861362584584, 75.51880941362306, 78.95148256878772, 82.38415572395239, 85.81682887911712, 89.24950203428175, 92.68217518944647, 96.11484834461118, 99.5475214997758, 102.98019465494058], "energy": [-473.5540562886526, -485.513814229321, -495.9233806879654, -505.0197184462953, -512.9939111988517, -520.007925716481, -526.1939346183281, -531.6708762586121, -536.5260025470757, -540.842755062205, -544.6865737672487]}, "cdse": {"volume": [95.91469509274006, 100.710429847377, 105.50616460201407, 110.30189935665103, 115.097634111288, 119.89336886592508, 124.68910362056201, 129.48483837519893, 134.28057312983597, 139.0763078844729, 143.87204263911013], "energy": [-232.53081346076493, -232.864075578043, -233.08716290789096, -233.22356653017607, -233.29174474682299, -233.30423723471048, -233.2727530298578, -233.20507869159056, -233.1071283926572, -232.9849588224611, -232.84238510152602]}, "gan": {"volume": [18.784375627521985, 19.723594408898073, 20.662813190274182, 21.602031971650277, 22.54125075302637, 23.48046953440248, 24.419688315778565, 25.358907097154674, 26.29812587853077, 27.237344659906864, 28.176563441282987],