{"20": {"silicon": {"volume": [32.00291371780001, 33.60305940369002, 35.20320508958001, 36.803350775470015, 38.403496461359985, 40.00364214725001, 41.603787833140025, 43.20393351903, 44.804079204920015, 46.404224890809985, 48.004370576700026], "energy": [-98.43845962261074, -98.98371112145846, -99.38870311564814, -99.68297429410495, -99.88954717499509, -100.02564017092976, -100.10563316097175, -100.14063734705806, -100.1406616948341, -100.11478524436949, -100.07171400556632]}, "germanium": {"volume": [36.110745561600005, 37.91628283968001, 39.721820117760004, 41.52735739583999, 43.332894673920016, 45.138431952000005, 46.943969230080015, 48.749506508159996, 50.555043786240006, 52.360581064319994, 54.16611834240002], "energy": [-89.80878959690322, -90.33977320285953, -90.79566743536098, -91.14892455695355, -91.41388883791127, -91.5984323721474, -90.92135470106797, -90.99742162577644, -91.13363340737644, -91.195534307418, -91.26819095964923]}, "diamond": {"volume": [9.0769370526, 9.530783905230003, 9.98463075786, 10.438477610490008, 10.892324463120003, 11.34617131575, 11.800018168379998, 12.253865021009998, 12.707711873640001, 13.161558726269993, 13.615405578900004], "energy": [-115.31642233922561, -115.69514226370228, -115.94991471097748, -116.103612829865, -116.17449255036904, -116.17729702473663, -116.12391355860838, -116.02409640015638, -115.88593609799726, -115.71602845627145, -115.5198876618615]}, "zinc_oxide": {"volume": [39.7749706751954, 41.76371920895515, 43.752467742714934, 45.74121627647471, 47.72996481023445, 49.718713343994246, 51.70746187775398, 53.69621041151377, 55.68495894527356, 57.67370747903329, 59.66245601279311], "energy": [-293.9957930676959, -294.6135972814696, -295.04649545072255, -295.4602545379453, -295.7898128599921, -296.0455908584665, -296.24987443437476, -296.40304093851586, -296.48597362152566, -296.5701055094791, -296.6233905290082]}, "mos2": {"volume": [104.92085027265799, 110.1668927862909, 115.41293529992387, 120.65897781355675, 125.90502032718962, 131.1510628408226, 136.39710535445542, 141.64314786808836, 146.8891903817213, 152.13523289535397, 157.38127540898714], "energy": [-519.424678911303, -520.42602294969, -521.1059866384212, -521.5419468546338, -521.7904359730222, -521.8930826154732, -521.8814279208499, -521.779267952418, -521.6070789835676, -521.3771026482252, -521.1026985858317]}, "ws2": {"volume": [100.17575427081093, 105.1845419843515, 110.19332969789211, 115.20211741143264, 120.21090512497315, 125.21969283851377, 130.22848055205424, 135.23726826559485, 140.24605597913543, 145.25484369267576, 150.26363140621658], "energy": [-531.2576558492334, -532.4667283115919, -533.2393542935706, -533.6840327843281, -533.882851700826, -533.8926952352128, -533.7582056806646, -533.5125608279839, -533.1795158300677, -532.7807833687916, -532.3298274764622]}, "bn_hex": {"volume": [33.70607434177445, 35.39137805886318, 37.0766817759519, 38.761985493040626, 40.44728921012932, 42.13259292721806, 43.81789664430678, 45.5032003613955, 47.188504078484236, 48.87380779557293, 50.559111512661694], "energy": [-252.7407820773201, -253.50209487039655, -254.04534515921372, -254.41225022303266, -254.6375812051867, -254.74743911830137, -254.7623092384272, -254.6990173746444, -254.57110666285087, -254.38990611728408, -254.16480309362674]}, "bn_cubic": {"volume": [9.534859103064543, 10.011602058217772, 10.488345013370996, 10.965087968524225, 11.441830923677443, 11.918573878830678, 12.395316833983909, 12.87205978913713, 13.34880274429036, 13.825545699443584, 14.302288654596817], "energy": [-127.2527053628314, -127.56808198007401, -127.78248699540366, -127.91507204491246, -127.98115700962022, -127.99282125312428, -127.959891813217, -127.89037708480245, -127.79077861736825, -127.66636411050926, -127.5216434241572]}, "mgo": {"volume": [15.423502605938763, 16.194677736235697, 16.965852866532636, 17.73702799682957, 18.508203127126503, 19.279378257423442, 20.050553387720377, 20.821728518017316, 21.59290364831426, 22.36407877861119, 23.135253908908137], "energy": [-146.95050124370434, -147.3879494953877, -147.6747388024264, -147.86637342440972, -147.90000929479217, -148.03213655959527, -148.13679950769338, -148.1656772164236, -148.20933267750866, -148.24767399561222, -148.2378490551762]}, "copper": {"volume": [9.497516755789496, 9.972392593578972, 10.447268431368444, 10.922144269157922, 11.397020106947393, 11.871895944736869, 12.346771782526346, 12.821647620315822, 13.2965234581053, 13.771399295894765, 14.246275133684247], "energy": [-119.61071486206657, -119.99983297148773, -120.31026067996376, -120.55994516802984, -120.76231860833336, -120.92719783241462, -121.06198224067042, -121.17266863719777, -121.2635898866405, -121.33811999251782, -121.39910579325435]}, "nacl": {"volume": [36.87691031391052, 38.72075582960608, 40.56460134530161, 42.408446860997124, 44.252292376692644, 46.09613789238815, 47.93998340808369, 49.78382892377924, 51.62767443947473, 53.47151995517027, 55.3153654708658], "energy": [-127.60330439433062, -127.60846228545421, -127.58742578906909, -127.55922715220207, -127.53382737812558, -127.50361635013273, -127.45588487261112, -127.40639132663482, -127.35529763818259, -127.30358773530253, -127.2505145397782]}, "zro2": {"volume": [27.31763391126136, 28.68351560682442, 30.049397302387508, 31.415278997950555, 32.78116069351363, 34.1470423890767, 35.512924084639764, 36.878805780202846, 38.244687475765886, 39.61056917132897, 40.97645086689203], "energy": [-294.9555808035781, -295.3526265092391, -295.6484558486845, -295.8587565817825, -296.0141476542017, -296.11911721894495, -296.1829636794671, -296.2133526308958, -296.21533679697535, -296.1935076476972, -296.151828319635]}, "pbs": {"volume": [43.26978195680428, 45.433271054644464, 47.59676015248466, 49.76024925032486, 51.92373834816508, 54.0872274460053, 56.25071654384553, 58.41420564168571, 60.57769473952594, 62.74118383736611, 64.90467293520638], "energy": [-148.03879694350346, -148.10950162277038, -148.0992523713845, -148.02347507483296, -147.89700431310834, -147.7308040958254, -147.53574722569803, -147.3257276425099, -147.112740132915, -146.87508449334734, -146.628410841077]}, "tio2_rutile": {"volume": [50.79163906206722, 53.33122101517056, 55.870802968273935, 58.410384921377286, 60.94996687448062, 63.489548827584024, 66.02913078068734, 68.56871273379073, 71.10829468689404, 73.64787663999742, 76.18745859310079], "energy": [-585.5596155240024, -586.0691001808574, -585.8962622648714, -586.0444533748903, -586.184645479711, -586.1965601184529, -586.1305920033701, -586.000952726372, -585.7998991162159, -585.4203646436866, -585.215591317811]}, "tio2_ana": {"volume": [68.65346310329363, 72.0861362584584, 75.51880941362306, 78.95148256878772, 82.38415572395239, 85.81682887911712, 89.24950203428175, 92.68217518944647, 96.11484834461118, 99.5475214997758, 102.98019465494058], "energy": [-473.52707601363306, -485.5024481851495, -495.9166078563273, -505.02238479106774, -512.9957052211612, -520.0091094100596, -526.1946896569347, -531.6713295196121, -536.5262434920467, -540.8428469741209, -544.6865616650545]}, "cdse": {"volume": [95.91469509274006, 100.710429847377, 105.50616460201407, 110.30189935665103, 115.097634111288, 119.89336886592508, 124.68910362056201, 129.48483837519893, 134.28057312983597, 139.0763078844729, 143.87204263911013], "energy": [-232.53049224061934, -232.83424687900953, -233.07363933550116, -233.21756442243822, -233.2887091946547, -233.30250312941277, -233.23534204798096, -233.18715158135535, -233.10009950929341, -232.98102354302745, -232.84013091965085]}, "gan": {"volume": [18.784375627521985, 19.723594408898073, 20.662813190274182, 21.602031971650277, 22.54125075302637, 23.48046953440248, 24.419688315778565, 25.358907097154674, 26.29812587853077, 27.237344659906864, 28.176563441282987],