{"silicon": {"volume": [37.60342361841499, 38.80353288283249, 40.00364214725001, 41.2037514116675, 42.40386067608502], "energy": [-99.79373808575282, -99.92741032610998, -100.023520002772, -100.0882140662237, -100.12616093322706]}, "germanium": {"volume": [42.430126034880004, 43.78427899343998, 45.138431952000005, 46.49258491055999, 47.84673786911999], "energy": [-92.0473679860297, -92.14998630755493, -92.22140966160653, -92.26646854921836, -92.28930913428358]}, "diamond": {"volume": [10.665401036805, 11.005786176277496, 11.34617131575, 11.686556455222496, 12.026941594694998], "energy": [-116.14877115576725, -116.18136398100557, -116.17755494961379, -116.1421971983817, -116.07947581209268]}, "zinc_oxide": {"volume": [46.73559054335458, 48.227151943674414, 49.718713343994246, 51.210274744314056, 52.70183614463389], "energy": [-295.68947411576903, -295.9012572550598, -296.0786898481759, -296.2260182490842, -296.3470004149426]}, "mos2": {"volume": [123.28199907037317, 127.21653095559786, 131.1510628408226, 135.08559472604722, 139.02012661127185], "energy": [-521.7084986512857, -521.8491645671116, -521.9129911639399, -521.9128903178125, -521.8580832368964]}, "ws2": {"volume": [117.70651126820289, 121.46310205335831, 125.21969283851377, 128.97628362366913, 132.7328744088245], "energy": [-533.802294171277, -533.8931533155102, -533.8846954290804, -533.7957144029413, -533.6398142200444]}, "bn_hex": {"volume": [39.60463735158498, 40.868615139401506, 42.13259292721806, 43.39657071503461, 44.66054850285116], "energy": [-254.54826179782395, -254.68238227016215, -254.75474645525696, -254.77378271720374, -254.74673572769098]}, "bn_cubic": {"volume": [11.203459446100842, 11.561016662465757, 11.918573878830678, 12.276131095195598, 12.633688311560515], "energy": [-127.95556645969037, -127.98869676953683, -127.99277112202901, -127.97176391387868, -127.92921524496667]}, "mgo": {"volume": [18.122615561978037, 18.70099690970074, 19.279378257423442, 19.85775960514614, 20.436140952868847], "energy": [-148.15874803191898, -148.24226810409738, -148.30786638641214, -148.35804209115298, -148.3951289310759]}, "copper": {"volume": [11.159582188052662, 11.515739066394763, 11.871895944736869, 12.228052823078976, 12.584209701421079], "energy": [-120.75661865721356, -120.89168054122264, -121.00752191857265, -121.10700104062305, -121.19271621865553]}, "nacl": {"volume": [43.330369618844884, 44.71325375561653, 46.09613789238815, 47.47902202915982, 48.86190616593145], "energy": [-127.62462476811524, -127.59505881476508, -127.56293339103816, -127.52888260453962, -127.49293612776741]}, "zro2": {"volume": [32.098219845732096, 33.12263111740438, 34.1470423890767, 35.17145366074899, 36.19586493242128], "energy": [-295.9741730337952, -296.0755468652017, -296.1498416715147, -296.20106310058424, -296.23192244861104]}, "pbs": {"volume": [50.841993799245, 52.464610622625166, 54.0872274460053, 55.70984426938544, 57.332461092765634], "energy": [-148.0244412379114, -147.91437942116727, -147.78350461783677, -147.63682998426256, -147.4785903065042]}, "tio2_rutile": {"volume": [59.68017589792895, 61.584862362756475, 63.489548827584024, 65.39423529241152, 67.29892175723901], "energy": [-586.749761618179, -586.7168416021317, -586.6406884994731, -586.5274221215893, -586.382564177498]}, "tio2_ana": {"volume": [80.66781914636998, 83.24232401274357, 85.81682887911712, 88.3913337454906, 90.96583861186409], "energy": [-509.12789142373714, -514.8202975974232, -519.9964905431316, -524.7087165194848, -529.0070639172923]}, "cdse": {"volume": [112.69976673396951, 116.29656779994727, 119.89336886592508, 123.49016993190278, 127.0869709978805], "energy": [-233.27507627294463, -233.30902054176144, -233.31303047720397, -233.29282723109574, -233.25095297281345]}, "gan": {"volume": [22.071641362338323, 22.776055448370396, 23.48046953440248, 24.184883620434537, 24.889297706466625], "energy": [-122.68622244848511, -122.77098793295524, -122.83259990101334, -122.87435094478296, -122.89934351478362]}, "graphite": {"volume": [43.05498351468417, 44.42907873323792, 45.80317395179169, 47.177269170345426, 48.55136438889916], "energy": [-231.33261603402764, -231.40660876756803, -231.4094684100292, -231.3511833654898, -231.24034653422532]}, "gaas": {"volume": [44.67994566501674, 46.10590137773002, 47.531857090443346, 48.95781280315663, 50.38376851586993], "energy": [-102.37394459388007, -102.40813999968434, -102.42322732023148, -102.42185058394462, -102.40754646682494]}, "wo3_monoclinic": {"volume": [210.68417225152203, 217.40813519571975, 224.13209813991696, 230.8560610841144, 237.58002402831224], "energy": [-1797.9813075747586, -1797.9879879818318, -1797.8074760736, -1797.5330345908471, -1797.2475107638877]}, "pbte": {"volume": [66.51288847690701, 68.63564023680824, 70.75839199670956, 72.88114375661083, 75.00389551651216], "energy": [-150.82095958405452, -150.70614480706783, -150.56941818877658, -150.41906147606392, -150.26381635499988]}}