{"silicon": {"volume": [37.60342361841499, 38.80353288283249, 40.00364214725001, 41.2037514116675, 42.40386067608502], "energy": [-99.85148077228313, -99.9804385427783, -100.07200575731764, -100.13234572743428, -100.16613980524349]}, "germanium": {"volume": [42.430126034880004, 43.78427899343998, 45.138431952000005, 46.49258491055999, 47.84673786911999], "energy": [-92.25459854874687, -92.33630677365637, -92.38855276126756, -92.41605753142065, -92.42286147980198]}, "diamond": {"volume": [10.665401036805, 11.005786176277496, 11.34617131575, 11.686556455222496, 12.026941594694998], "energy": [-116.19001029908235, -116.22053786792199, -116.21480184471395, -116.17764294619117, -116.11323514531917]}, "zinc_oxide": {"volume": [46.73559054335458, 48.227151943674414, 49.718713343994246, 51.210274744314056, 52.70183614463389], "energy": [-298.4721179730037, -298.5759836942051, -298.6538830310055, -298.70920057900395, -298.7449396638268]}, "mos2": {"volume": [123.28199907037317, 127.21653095559786, 131.1510628408226, 135.08559472604722, 139.02012661127185], "energy": [-522.0059793616372, -522.1296227880068, -522.1771969201694, -522.1616082862129, -522.092066773567]}, "ws2": {"volume": [117.70651126820289, 121.46310205335831, 125.21969283851377, 128.97628362366913, 132.7328744088245], "energy": [-533.8451583307539, -533.9328363756273, -533.921548362967, -533.8300447166916, -533.6718928079409]}, "bn_hex": {"volume": [39.60463735158498, 40.868615139401506, 42.13259292721806, 43.39657071503461, 44.66054850285116], "energy": [-254.79627267497656, -254.92222004969742, -254.98696704829493, -254.99888167797099, -254.96515579321945]}, "bn_cubic": {"volume": [11.203459446100842, 11.561016662465757, 11.918573878830678, 12.276131095195598, 12.633688311560515], "energy": [-128.1570446061669, -128.181848486223, -128.1782344708789, -128.15010547720772, -128.10093971316854]}, "mgo": {"volume": [18.122615561978037, 18.70099690970074, 19.279378257423442, 19.85775960514614, 20.436140952868847], "energy": [-149.42111318799377, -149.44521121278564, -149.45593841427765, -149.45534778803207, -149.44537799864625]}, "copper": {"volume": [11.159582188052662, 11.515739066394763, 11.871895944736869, 12.228052823078976, 12.584209701421079], "energy": [-120.84205776819454, -120.9744976469108, -121.08796883785763, -121.18530132715519, -121.26906895518601]}, "nacl": {"volume": [43.330369618844884, 44.71325375561653, 46.09613789238815, 47.47902202915982, 48.86190616593145], "energy": [-127.65773711684113, -127.62802323384435, -127.59581576354385, -127.56174107298902, -127.52582209309115]}, "zro2": {"volume": [32.098219845732096, 33.12263111740438, 34.1470423890767, 35.17145366074899, 36.19586493242128], "energy": [-297.4725631363006, -297.5583885885079, -297.616753340088, -297.6517334377919, -297.6661045661471]}, "pbs": {"volume": [50.841993799245, 52.464610622625166, 54.0872274460053, 55.70984426938544, 57.332461092765634], "energy": [-148.3536221936462, -148.24209689590842, -148.10973539936572, -147.9615410405709, -147.80174052584306]}, "tio2_rutile": {"volume": [59.68017589792895, 61.584862362756475, 63.489548827584024, 65.39423529241152, 67.29892175723901], "energy": [-587.6210008685401, -587.6442378919394, -587.6216495868044, -587.559342062286, -587.462850978319]}, "tio2_ana": {"volume": [80.66781914636998, 83.24232401274357, 85.81682887911712, 88.3913337454906, 90.96583861186409], "energy": [-509.6483919243976, -515.3584220788182, -520.5486345942254, -525.2716784146039, -529.5797835344039]}, "cdse": {"volume": [112.69976673396951, 116.29656779994727, 119.89336886592508, 123.49016993190278, 127.0869709978805], "energy": [-233.31910587295224, -233.34592520077342, -233.34385905957708, -233.31848103983518, -233.27220670379415]}, "gan": {"volume": [22.071641362338323, 22.776055448370396, 23.48046953440248, 24.184883620434537, 24.889297706466625], "energy": [-122.96565254575918, -123.04277276536892, -123.09762754042852, -123.13341506716677, -123.15315661623717]}, "graphite": {"volume": [43.05498351468417, 44.42907873323792, 45.80317395179169, 47.177269170345426, 48.55136438889916], "energy": [-231.37447996703239, -231.44656175244884, -231.44763879829756, -231.38768750164678, -231.27529008527648]}, "gaas": {"volume": [44.67994566501674, 46.10590137773002, 47.531857090443346, 48.95781280315663, 50.38376851586993], "energy": [-102.40152924316288, -102.43340420510643, -102.44626109546202, -102.4427505909361, -102.42641461703134]}, "wo3_monoclinic": {"volume": [210.68417225152203, 217.40813519571975, 224.13209813991696, 230.8560610841144, 237.58002402831224], "energy": [-1809.7406237452456, -1809.4674487451362, -1809.0189106613152, -1808.4876178979373, -1807.9557912479193]}, "pbte": {"volume": [66.51288847690701, 68.63564023680824, 70.75839199670956, 72.88114375661083, 75.00389551651216], "energy": [-150.93552877743048, -150.8213536753652, -150.68510461824627, -150.53507937087156, -150.38003269101625]}}