{"silicon": 0.06936308439670395, "germanium": 0.042535997542104374, "diamond": 0.006738199675550082, "zinc_oxide": 0.12245720914485089, "mos2": 0.0294648599677876, "ws2": 0.016210126047140096, "bn_hex": 0.006904424739777644, "bn_cubic": 0.00897631692735473, "mgo": 0.07934824771961335, "nacl": 0.0447673189917372, "zro2": 0.05048518092614849, "pbs": 0.17941966648406624, "tio2_rutile": 0.0107530024334313, "tio2_ana": 0.009908400284667378, "cdse": 0.015317544835653901, "gan": 0.04993911249513461, "graphite": 0.002941630203316811, "gaas": 0.08254713025844834}
